Common 64 bit compiler warning fixes,64_bit_compiler_warnings
64 bit warnings,64_bit_compiler_warnings
64 bit compiler warnings common fixes,64_bit_compiler_warnings
How to fix common 64 bit compiler warnings,64_bit_compiler_warnings
Do a Codenet Commit,bat_commit
How to trigger a BAT commit.,bat_commit
How to do a third party commit using BAT,bat_commit
How to commit using BAT with a specified label,bat_commit
How to commit using BAT,bat_commit
Start commit using BAT,bat_commit
Do a BAT commit,bat_commit
How to backtrace a core dump,core_debug
How to dump core and debug it using gdb,core_debug
How to debug a core dump,core_debug
How to debug a core,core_debug
System non-volatile storage usage is unexpectedly high,db_full_error
System directories getting filled up.,db_full_error
What are the extra steps to do a FEX commit,fex_commit
Fex Commit procedure,fex_commit
How to commit a FEX change,fex_commit
link for raising a case for lab support,lab_case
get lab support,lab_case
How to create a lab support case?,lab_case
how to create a toolbox case,lab_case
Unable to login into the switch,password_recovery
Not able to log in into the switch,password_recovery
How to recover switch login password?,password_recovery
Forgot Password to log in,password_recovery
"forgot password, unable to log in",password_recovery
Switch Password Recovery,password_recovery
Store in PSS,pss_dump
Lookup PSS data,pss_dump
PSS key,pss_dump
PSS key value pairs,pss_dump
Restore using PSS,pss_dump
PSS data,pss_dump
How to dump the PSS data?,pss_dump
safec warnings,safec
what has to be included for strncpy_s to work,safec
Resolve SafeC SA issues,safec
How to fix SafeC issues,safec
How to resolve SafeC SA Warning,safec
what has to be included for strncat_s to work,safec
safec,safec
how to submit a sanity,sanity_submission
how to trigger eth sanities,sanity_submission
How to trigger fcoe sanity,sanity_submission
how one service relies on another service,service_dependency
how to get the dependency tree for a service,service_dependency
Which service comes up first,service_dependency
Service Dependency,service_dependency
Service Dependency Tree,service_dependency
i want to know the service dependency,service_dependency
How to start with a SNMP bug,snmp_debugging
How to tackle amn SNMP related bug,snmp_debugging
SNMP Debugging,snmp_debugging
What are the steps for SNMP related issues,snmp_debugging
How to do SNMP walk,snmp_debugging
remote login to ADS using vnc,vnc_setup
create a new vnc session,vnc_setup
using vnc to access ADS,vnc_setup
use vnc to login into ADS,vnc_setup
How to setup VNC to access ADS,vnc_setup
vnc setup,vnc_setup
xdm,xdm_servers
XDM servers list,xdm_servers
XDM servers,xdm_servers
list of XDM servers available,xdm_servers
Where to get the available XDM servers list,xdm_servers
bgl xdm list,xdm_servers
xdm list,xdm_servers
